EA343100-1A37-4239-A3CB-B92240B935CF,SdioSmm
077A3100-1667-45FA-B98C-37651B5073EE,TpmSmbiosDxe
13B03F00-18B8-48DA-8B1C-B290C69BAAFE,EzFileBrowser
FA419200-9DAD-4B8E-A56D-59BA2565C91B,AcerBiosDamageBeep
ECEBCB00-D9C8-11E4-AF3D-8CDCD426C973,HttpBootDxe
580DD900-385D-11D7-883A-00500473D4EB,Uhcd
098ED901-C6BF-4D20-91E2-A39F0C084A8D,QuickSpi
8F5A2E02-538C-4D59-B920-C4786ACBC552,Ahci
42D69902-10E7-4907-AD3B-46A5BF25A1A0,NvmeUnlockPei
65986603-43BC-4ABF-94D8-5A58847381A6,SiliconPolicyDxe
29CBB005-C972-49F3-960F-292E2202CECD,FspNotifyPhasePeim
77EB6C06-FD48-488B-A1B3-AE0A70801369,CryptoDXE
ADF47106-5CF8-4D02-BCF9-BACCC7D3162B,CrbSmbiosDxe
890A3508-E816-41CF-B7E6-ED28E5BB5C28,AmtCompatiblity
AA40B708-9073-4436-B5FE-D22D7ABBA5C4,MemoryDiagnosticDxe
5B74570A-03B1-4F5E-8ADB-FB7BB194D7CC,NVMeInfoSmm
1C98780A-C67D-4D9B-A9D8-4AC0487A6D6E,PcdRecoveryPei
42857F0A-13F2-4B21-8A23-53D3F714B840,CapsuleRuntimeDxe
1B45CC0A-156A-428A-AF62-49864DA0E6E6,PEI apriori file
05CA020B-0FC1-11DC-9011-00173153EBA8,AMI ROM hole
B351250B-98AF-1530-8CC1-B4AC33BF8390,AudioConnectControllerDxe
6D4BAA0B-F431-4370-AF19-99D6209239F6,BiosGuardServices
C7A7030C-C3D8-45EE-BED9-5D9E76762953,MouseDriver
D0927E0C-FEA5-4569-8AC0-33C8F60E5073,NvmeRstPassword
1807040D-5934-41A2-A088-8E0F777F71AB,NvramDxe
D77C900D-A1C7-41C5-B989-0C3D37FCA432,AmtWrapperDxe
CDC1C80D-E6D3-4A42-9229-75F3BEFCF109,PciOutOfResourceSetupPage
4A6D890F-93C3-4B6D-A67D-5F2C4DCE347B,RuntimeSmm
2366C20F-E15A-11E3-8BF1-E4115B28BC50,HttpDxe
2BA0D612-C3AD-4249-915D-AA0E8709485F,SdioDriver
3022E512-B94A-4F12-806D-7EF1177899D8,PciHotPlug
52C05B14-0B98-496C-BC3B-04B50211D680,PeiCore
C8F5A614-4F16-4064-BAC4-9903E8132EA2,AcerKeyBoardLayoutTse.png
56BBC314-B442-4D5A-BA5C-D842DAFDBB24,PlatformInitAdvancedPreMem
3307DD15-23BA-4546-A004-FCBCC47D4A49,SiliconPolicyPeiPreMem
9F3A0016-AE55-4288-829D-D55FD3AAC347,AmiBoardInfo2
EA7F0916-B5C8-493F-A006-565CC2041044,FspS3Notify
94734718-0BBC-47FB-96A5-EE7A5AE6A2AD,Dhcp4Dxe
70E1A818-0BE1-4449-BFD4-9EF68C7F02A8,ReFlash
54D7CC18-492A-4B43-AD9E-A461D81F82B5,PchInitFspTgl
999BD818-7DF7-4A9A-A502-9B75033E6A0F,EsrtDxe
6298FE18-D5EF-42B7-BB0C-2953283F5704,SleepSmi
490D0119-4448-440D-8F5C-F58FB53EE057,PolicyInitAdvancedDxe
15446019-9170-436A-A981-CC7521E9D7F9,Usb4PlatformPei
FB049119-AC72-459F-865A-641DC13C931D,OemLOGO
80D7491A-F7D9-479D-A8F7-1B393B02ED66,FastBootRuntime
BDAD7D1A-4C48-4C75-B5BC-D002D17F6397,AhciRecovery
39E8CA1A-7A69-4A73-834A-D06381933286,UsbPei
654FE61A-2EDA-4749-A76A-56ED7ADE1CBE,CmosPei
FE5C7F1B-E256-47A8-8F1E-9478107C7875,AmtInitDxe
2D1E361C-7B3F-4D15-8B1F-66E551FABDC7,SaLateInitSmm
EEEE611D-F78F-4FB9-B868-55907F169280,PlatformInitPreMem
24848D1D-A637-45DD-974F-BEBA0340FF96,RemotePlatformErase
4E82091E-32A1-4689-8A00-CDE41ED63CDD,SioDxeInit
929A631E-C8FA-4619-A2D2-C1DDA8522C08,ThermalDownSmi
579A7D1F-C166-4D0D-ADDB-B20B8B768B72,TmeInitDxe
8434DA1F-5CEB-402E-A93C-038CBE0F3F0E,OA3_SMM
7ECD9C20-68B9-4A6F-B515-D64FF500B109,FsRecovery
4A64C620-1CEF-40A0-BE1C-EED6B20ECCE9,MrcHealthDataInit
4953F720-006D-41F5-990D-0AC7742ABB60,IntelGigabitLan
366DF820-5D6D-4884-9611-E3E595090D9E,TpmFmpUefiDrv
FF917E22-A228-448D-BDAA-68EFCCDDA5D3,TxtDxe
C56EDB22-3D78-4705-A222-BDD6BD154DA0,TpmClearOnRollbackSmm
31740724-5F96-48CA-AA0F-332ACA6B9A75,SpcrAcpiDxe
0A845224-8675-4241-8AE9-4D94C93DEB90,PauseKey
C1FBD624-27EA-40D1-AA48-94C3DC5C7E0D,SbPei
86D70125-BAA3-4296-A62F-602BEBBB9081,DxeIpl
A20F7425-BC87-47D1-945C-637603323584,PlatformConfigTool
61422D26-81EC-47FF-B6CF-939EAEE73FBA,StatusCodeDxe
859F2D28-2894-4EF7-A05C-F8BFC7922DB7,HidSimplePointer
7D655829-26DD-4342-96AD-04899477C3FA,SpiSmmStub
739D1A2B-FBA1-404A-8784-25CFA57BEACD,HddAcousticDynamicSetup
9622E42C-8E38-4A08-9E8F-54F784652F6B,AcpiTableDxe
87EA012D-CBAD-44C1-8431-61193A060941,PeriodicSmiControl
C6E9602D-C00D-4250-B24D-FE324B8DA40B,AcerPortingDxe
59ADD62D-A1C0-44C5-A90F-A1168770468C,PlatformInitPostMem
1BA0062E-C779-4582-8566-336AE8F78F09,Volume Top File
C464322E-3DC4-49AD-B9FD-AF1B56B2249B,HwAssetDxe
D57C852E-809F-45CF-A377-D77BC0CB78EE,HddSmart
7D3FBD2E-2509-4CC1-91EE-26DBAB7B84A9,PEI_Module
AB7ED12E-1D78-4635-AB87-23F00A911EC7,RomLayoutDxe
655B0D2F-BCF1-4B1E-9A6A-A2E891BB50E4,BiosGuardFirmwareVersionPeim
3E7DD42F-A67E-4D4F-BC02-2B5A6EC8DAE9,SetupVariablePei
4BD0EB2F-3A2D-442E-822D-753516F75424,PchInitDxeTgl
316B1230-0500-4592-8C09-EABA0FB6B07F,SmmHddSecurity
25CA4430-495D-42EF-8157-4D0AE2124862,HidAbsolutePointer
918ABA30-3D8D-4BB5-B849-45CC4FC7DE7C,Dptf
F5D2F830-66CD-4ACE-9D3F-ECAEC69776FB,Platform_AcerPortingDxe
2688B232-9C02-4C12-BE1F-857C0FF2AAE3,TcgDxeplatform
CE366D33-B057-4C03-8561-CAF17738B66F,WdtAppDxe
9EA28D33-0175-4788-BEA8-6950516030A5,SmBusPei
1310BA34-D7B4-4A80-A645-8C0417C6AA55,AmiMemoryInfoConfig
93FACD34-BB78-4C70-BBC8-61AD48DCC63B,RTCWakeup
838DCF34-907B-4D55-9A4B-A0EF7167B5F4,NvramPei
33FB3535-F15E-4C17-B303-5EB94595ECB6,SmmLockBox
B7EE4835-84CE-4B15-BF52-2D11574CE470,HardwareSignatureEntry
ACD28235-075B-48B5-98A1-DA04FCAF84F3,SiInitDxe
B981A835-6EE8-4F4C-AE0B-210AA0BFBF01,RngDxe
4E22BF36-C59D-47C4-9FD1-25A603D75958,SaInitFsp
6FD18837-36E6-46EC-8F61-6730E3E23D50,JhiDxe
75A10838-8621-44E0-930F-CE14A8EF7728,AcerDevEnSrv
970B1E38-9701-47AA-88A5-566A9F232264,OememSmiGNVS
E9312938-E56B-4614-A252-CF7D2F377E26,AmiTcgPlatformPeiBeforeMem
E2A74738-8934-48F5-8412-99E948C8DC1B,SmbiosDmiEdit
B13EDD38-684C-41ED-A305-D7B7E32497DF,Smbios
0EBBC839-802C-477B-9152-67CDF64DABBA,OemFmpDriver
76ED893A-B2F9-4C7D-A05F-1EA170ECF6CD,IntelGraphicsPeim
9962883C-C025-4EBB-B699-4EA4D147C8A8,AmiTxtTcgPeim
7FBCA33C-681B-474C-8B89-38E9345FB993,MEdisableDxe
8FFE193E-1C4A-4AC5-89E3-2E33488DDE64,PostMessageDxe
16D0A23E-C09C-407D-A14A-AD058FDD0CA1,ACPI
5DFAE03E-9C19-4996-85BF-65297BD4137F,PlatformVTdSampleDxe
9029F23E-E1EE-40D1-9382-36DD61A63EAA,It8637PeiInit
391B853F-F488-479B-A3D6-870766C7A38F,CryptoSmm
8E199D3F-3A74-492B-8CB3-93D668D87D07,IsRecovery
24DDC83F-9F06-44AB-B696-60FE7DF2C948,RstVmdPeim
043A3340-7CD0-4338-B7FE-7A6AEB790A28,HidKeyboardDxe
1009A840-C625-42B3-A94B-B90F991B1B1A,NhltInstallTable
B219E140-DFFC-11E3-B956-0022681E6906,DnsDxe
6C289241-E240-483F-9E3E-872C0396B599,FlashSmiSmm
0C989D41-F4B4-4244-9D7F-E9FFB4163273,FastBootOption
2D59F041-53A4-40D0-A6CD-844DC0DFEF17,SmmS3SaveState
676C3543-54B2-4DC4-8B1B-3C60CCB512BF,KillerUndiDriver
CBC91F44-A4BC-4A5B-8696-703451D0B053,AMI v2 protected ranges hash file
55E76644-78A5-4A82-A900-7126A5798892,HeciInit
0CEFD645-588E-4ED7-9943-054808CD7572,SiFirmwareVersionDxe
76864548-0261-410E-A8B4-01615BFA3E0A,FwKeyHobPei
290EA249-6E88-423C-B0DA-75CDDE7920CC,AmtPetAlertDxe
42CF2D4A-78B4-4B80-80F9-96A83A630D70,UsbDeviceDxe
CBC59C4A-383A-41EB-A8EE-4498AEA567E4,FlashDriver
12A5DC4A-88AA-89DA-89D0-D4547191E3F4,RstUefiDriverSupport
F7731B4C-58A2-4DF4-8980-5645D39ECE58,PowerMgmtDxe
C642C14C-0E9C-4AEF-94A5-A213BAA35DE0,HstiResultDxe
314EE04C-1106-4DC6-ACBC-CF19C0DBC5CC,PlatformInitAdvancedPostMem
D7B10D4E-67E6-4C74-83E9-F9AF0ACC33CC,PchInitSmm
271B424E-A4CC-4E0E-90A2-7EA4841F12F3,ExportHiiDb
F4F4AA4E-4E04-40B7-947C-9AF576CB3D66,EcFwVersion
8625B34E-F25D-435A-954C-DF6EFA3BBF14,TurboModeForGaming
8726B34E-F15C-4451-944D-DC61FF3CAFB4,AcerSkuId
CBC6B94E-DEAA-462C-840C-6698180DE292,QualcommSupport
7CA1024F-EB17-11E5-9DBA-28D2447C4829,TlsAuthConfigDxe
221F1D4F-034C-4BEA-B2BB-B7A9672B06D7,CrbSmi
22EA234F-E72A-11E4-91F9-28D2447C4829,HttpUtilitiesDxe
2CE5604F-A982-4D2E-8FD0-D1600C2E1515,PciDynamicSetup
53BCC14F-C24F-434C-B294-8ED2D4CC1860,DataHubDxe
9B3ADA4F-AE56-4C24-8DEA-F03B7558AE50,PcdPeim
1B1E0A50-C420-4F20-80E0-1043206438DC,CheckCmosErrorPei
9E1CC850-6731-4848-8752-6673C7005EEE,FspInitPreMem
77D3DC50-D42B-4916-AC80-8F469035D150,NVRAM external defaults
E03E6451-297A-4FE9-B1F7-639B70327C52,EnhancePeiVariable
908C3852-B61B-4F26-AB66-F74F97E7DC1C,AmtBypass
01FB5D53-4FF9-4AD9-ADF5-7DC63659A1B2,PeiPciEnumeration
0FE9DA53-043D-4265-A94D-FD77FEDE2EB4,TcgPlatformSetupPeiPolicy
B0D6ED53-B844-43F5-BD2F-61095264E77E,PchSmiDispatcher
88C17E54-EBFE-4531-A992-581029F58126,FspPcdInit
355C1B56-C513-4031-B8F3-49C7B666857B,AcerKeyBoardLayoutEsa.png
58885256-1655-42E7-9B9C-7B2DE6245DD0,StoreBrandNumber
39045756-FCA3-49BD-8DAE-C7BAE8389AFF,Tcg2Dxe
FEA01457-E381-4135-9475-C6AFD0076C61,CryptoDxe
80CF7257-87AB-47F9-A3FE-D50B76D89541,PcdDxe
447A1B58-8F3E-4658-ABAA-9E7B2280B90A,NvramSmm
FCCCE259-07E1-417A-A755-E0F2CF39295E,CpuInitDxe
D27FED59-ABB4-4FED-BEAD-2A878C7E4A7E,SmbiosMeasurementDxe
9221315B-30BB-46B5-813E-1B1BF4712BD3,NVRAM external defaults
6B844C5B-6B75-42CA-8E8E-1CB94412B59B,TcgPeiplatform
DACF705C-71DF-497D-AABE-10186B2E1DDE,Recovery
97C81E5D-8FA0-486A-AAEA-0EFDF090FE4F,SerialIo
76CBE15D-3C00-4597-8F13-621D77E879E1,AmtSaveMebxConfig
E90A7B5E-37B2-43E4-B281-4C8E349045E9,ReFlashSmm
85D8435F-A603-4DAD-A285-7230D84F9F69,AcerDiagnosticLogDxe
4C8BDF60-2085-4577-8A46-96CB180967BC,Tpm20Acpi
0A814161-DE67-46E7-A813-B7F8F489AFCD,OemSMBIOS
58B35361-8922-41BC-B313-EF7ED9ADFDF7,SecMigrationPei
348C4D62-BFBD-4882-9ECE-C80BB1C4783B,HiiDatabase
E9DD7F62-25EC-4F9D-A4AB-AAD20BF59A10,StatusCodePei
0E2DAF63-8A4F-4026-A899-DE2D7F46E5EC,TpvPei
6B85F263-F584-44F8-BB5D-F02C40795D8E,SmmTcgStorageSec
121D5264-990F-4716-8061-C2144A7D4D0D,DxeDgOpregionInit
AE265864-CF5D-41A8-913D-71C155E76442,CpuIoPei
231CDC65-129E-4870-A882-79244127BDE3,SkipStoragePwdPrompt
2CE70F66-AC57-4346-A91F-89281A07FAD6,ErrorDisplayFramework
CEF68C66-06AB-4FB3-A3ED-5FFA885B5725,SmbiosBoard
1A7E4468-2F55-4A56-903C-01265EB7622B,TcpDxe
90DADB68-B868-4D62-A07F-09B3B64DA039,Mebx
F208336A-BFF4-4678-BA4F-342C72373C3A,OemFmpDxe
0D1CE46B-72D9-4BA7-95DA-23511865E661,CryptoPei
5FECEF6B-5FA4-4570-8163-0CF72A9C04C5,Ps2Main
84E7016D-1EB8-4637-B01E-9EED018C7AE0,BiosGuardNvs
50F6096D-7C98-4C78-9A1D-C5A1833B6A88,AmiTcgNvflagSample
7EB7126D-C45E-4BD0-9357-7F507C5C9CF9,RomLayoutPei
33C6406D-2F6B-41B5-8705-52BAFB633C09,AsfDxe
BB636D6D-3DE4-47B3-A437-DBC5EA9EED0B,AcerCTOBios
1F28B56E-D26A-48FD-9FAC-9E18A2C5BBDB,CnvUefiVariables
6DB9486F-6AF6-4090-984D-238482CE3EA4,BdatAccessHandler
128FB770-5E79-4176-9E51-9BB268A17DD1,PciHostBridgeDxe
839EB770-5C64-4EED-A6D5-EC515B2B2B23,PlatformVTdInfoSamplePei
FE612B72-203C-47B1-8560-A66D946EB371,AMITSESetupData
3DFE2E72-9F6D-4350-BA4F-20333B52B876,AmiSyncSetupData
A210F973-229D-4F4D-AA37-9895E6C9EABA,DpcDxe
24CCD374-3DF6-4181-86F6-E3C66920A145,UpdateMemoryRecord
CCA91175-03E3-442A-B3B8-2E4A335C1DEA,AmiHsti
A2DF5376-C2ED-49C0-90FF-8B173B0FD066,EsaFull
D38FC876-0B17-4D95-A7F8-A022ECA1CA42,MeExtMeasurement
8AB1D576-5977-4A89-9414-099D90B53E79,TpvSmm
B8D62377-7970-4CE1-87F4-9DDE56AE8982,BiosGuardVerifyRomImage
953DD177-CCE7-49CC-A0C8-736CFA0821E2,OemSxSmi
59287178-59B2-49CA-BC63-532B12EA2C53,SmbusSmm
1C8B7F78-1699-40E6-AF33-9B995D16B043,PiSmmCommunicationPei
CFFA207A-B1FD-4265-B0A1-9ACD477545C4,OememDxeGNVS
5507247A-846B-4F22-B55F-72B4049435EF,AmtLockKbd
5BD4977A-580F-4F1A-B3C2-5198E6DCBEEA,AmiCspGlobalNvsDxe
EE08257B-D6C5-4C9B-8D0C-E28470B867A0,SystemRecoverySmi
27F4917B-A707-4AAD-9676-26DF168CBF0D,SpiSmm
3245EA7C-9209-41E7-BE2C-EB662B8C0622,FspFirmwareVersionPeim
AD3D267D-50E1-4B94-95D3-1025EF5B8391,SecFlashUpdDXE
628A497D-2BF6-4264-8741-069DBD3399D6,ConSplitter
60EDA97E-3631-40A4-85D4-4A28065086B8,OEMWMISmi
D6A2CB7F-6A18-4E2F-B43B-9920A733700A,DxeCore
20830080-CC28-4169-9836-7F42B8D0C8C9,GraphicsOutputDxe
0718AD81-F26A-4850-A6EC-F268E309D707,Tpm20PlatformDxe
8F4B8F82-9B91-4028-86E6-F4DB7D4C1DFF,Bds
1A1E4886-9517-440E-9FDE-3BE44CEE2136,CpuDxe
79AA6086-035A-4AD9-A89A-A6D5AA27F0E2,NbPei
6141E486-7543-4F1A-A579-FF532ED78E75,ResetSystemPei
D2ABC888-AE13-4E3B-BCEE-5DE368FA4E72,MsegSmramPeim
7537E889-FC63-42D2-B400-F7646C45CEE3,CastroCovePmicNvm
CA84408A-0929-4F11-BFED-18C7D9576C6B,PlatformInitDxe
3237418A-478C-4700-B59F-768E2CCBC726,CmosDxe
539A558A-C4C7-4978-B52D-1492415EF64D,RomDataMigration
0639408B-19A6-4B5D-BAFB-12A2F5114032,Acoustic
FA20568B-548B-4B2B-81EF-1BA08D4A3CEC,BootScriptExecutorDxe
00160F8D-2B35-4DF2-BBE0-B272A8D631F0,FirmwarePerformanceDxe
34989D8E-930A-4A95-AB04-2E6CFDFF6631,TcgPei
CE19678F-3F08-4E81-A1F3-1886CA13ADA7,SiliconPolicyPeiPostMem
0C375A90-4C4C-4428-8EA0-531BE8959BF7,FlashDriverSmm
56966690-24E8-4DFA-BEA8-BFCD83DA44B8,MultiPdtDxe
EE89F590-A816-4AC5-B3A9-1BC759B12439,VerifyFwBootGuard
5DB27D91-1A07-42E5-9BCA-8B8B2CDB77A9,AcerOverClockDxe
B7D19491-E55A-470D-8508-85A5DFA41974,SbDxe
76D5CF91-0C55-434E-97C2-D2825C82E610,OA3
529D3F93-E8E9-4E73-B1E1-BDF6A9D50113,ArpDxe
619C2B94-FE5A-45C3-B445-C6AF9BDD7CE0,BiosGuardSecSMIFlash
61ED3D94-30D8-408C-97DF-DEDF2740F630,AmtLockPbtn
53E65F94-B418-4541-9A12-18839A56B427,Thc
57E56594-CE95-46AD-9531-3C49310CA7CE,Ofbd
73225095-967E-4DD1-853F-49D8327147D0,OsCheckDxe
CAC3FB95-33F5-4596-818B-68E024DDB67B,IsSecRecoveryPEI
EC98FF95-242C-4513-B1BC-69FA24111C58,AcpiDebugDxe
D4395796-6F4C-4C6B-B9D1-92DAA7199A84,AmiRedFishApi
E566B097-4378-485F-91D0-1C097C190CE2,PowerButton
13150298-08E0-4C01-9E1B-DD7D2C5D59B9,Platform_AcerPortingSmm
67451698-1825-4AC5-999D-F350CC7D5D72,CryptoPPI
B8BA8298-AF29-4FA3-9D10-27A8478BB6A7,PchInitDxeFsp
07709C98-414A-4039-B7D0-29C21F105E92,AcpiPlatformFeatures
FB142B99-DF57-46CB-BC69-0BF858A734F9,SerialOverLan
99F03B99-98D8-49DD-A8D3-3219D0FFE41E,Mtftp6Dxe
0135229A-EBB5-4A21-957D-1D20057CF751,TCMPEI
0135229A-EBB5-4A21-957D-1D20057CF752,TCMDXE
B344259B-9957-4548-8BD1-B31464BB8370,DataStorageDxe
2486829B-D3F3-47EC-827A-FC104907FC5C,SmmGenericSio
9173C39B-08DA-429A-BE15-0F7481CF72CE,AMTLockUsbKBD
A4F2909C-5E2A-438A-91BA-272B0923049A,PlatformSetup
8E47929C-C80E-40CE-B013-807FEFC94110,IntelGigabitLanDxe
3AEE139D-EDC8-4599-BABC-508323B5D4A3,TpmEsrtFmpUpd
5CD9649D-2874-4834-802B-C559C94703AE,Usb4CmDxe
95E3669D-34BE-4775-A651-7EA41B69D89E,Dhcp6Dxe
EDADEB9D-DDBA-48BD-9D22-C1C169C8C5C6,CpuMpPei
21891A9E-763E-4377-8841-8D5C90D88C51,NetworkStackSetupScreen
54891A9E-763E-4377-8841-8D5C90D88CDE,TerminalSrc
BBA5D29E-0A2A-4DA0-A3C9-6F4630DE4056,AcerDataMap
1FA1F39E-FEFF-4AAE-BD7B-38A070A3B609,PartitionDxe
968C1D9F-80C4-43B7-8CAE-668AA56C4E71,SmbiosPeim
4F1F379F-2A62-48BB-AC34-D3F135C6E2B7,PcatSingleSegmentPciCfg2Pei
F906769F-4AED-4A0D-8C7C-FF21B9D1051A,IntelVTdPmrPei
FAF79E9F-4D40-4F02-8AC9-4B5512708F7F,BiosGuardPolicyOverride
3C1DE39F-D207-408A-AACC-731CFB7F1DD7,PciBus
BCAD34A1-DEB7-4FFC-90D8-B0643BD8271A,AmtMacPassThrough
04EAAAA1-29A1-11D7-8838-00500473D4EB,UsbRtSmm
C776AEA2-AA27-446E-975B-E0BEA9078BD9,BiosGuardPeiApRecoveryCapsule
5E9CABA3-F2B1-497A-ADAC-24F575E9CDE9,TcgDxe
CEF5B9A3-476D-497F-9FDC-E98143E0422C,NVAR store
A51BC7A4-0ED6-44C2-B5FB-B86FDE077DE1,AmiSetupNVLockDxe
CC25D6A4-F617-4D13-883A-1C86BB0E972D,AcerDevEnSrvApp
960241A5-5CE6-4EBF-B9C4-E37D294BEBA9,FspWrapperPeim
755877A6-4F10-4A5C-9B2E-852123B9682C,FlashSmiDxe
750890A6-7ACF-4F4F-81BD-B400C2BEA95A,AcpiModeEnable
E052D8A6-224A-4C32-8D37-2E0AE162364D,SmbusDxe
F7FDE4A6-294C-493C-B50F-9734553BB757,CapsuleX64
52B3DBA7-9565-48E8-8E13-EC7196721B3C,PlatformInfoPei
A7732DA8-11AA-4366-9715-CD92CFB7D362,SataController
E21F35A8-42FF-4050-82D6-93F7CDFA7073,PiSmmCommunicationSmm
BE216BA8-38C4-4535-A6CA-5DCA5B43ADDF,SmiVariable
CD31F8A8-28A6-4E49-8B3E-4142BD006C41,MeUlvCheckDxe
A8F14FA9-FC88-45F4-A622-F06E6C56E632,FirmwareBootMediaInfoPei
83EC90A9-D791-4613-9C57-68C3DE923C3B,MeSmbiosUpdateConfig
D4FF05AA-3C7D-4B8A-A1EE-AA5EFA0B1742,TrustedDeviceSetup
952821AA-EACD-465B-B478-5429DFC9A747,OA2
044310AB-77FD-402A-AF1A-87D4120E7329,FirmwarePerformanceSmm
6D6963AB-906D-4A65-A7CA-BD40E5D6AF2B,Udp4Dxe
F44875AB-B9FC-4578-A280-AA335B49967C,CmosSmm
80A845AC-210F-43B0-995B-477BE41AB4E8,SiInitFsp
131B73AC-C033-4DE1-8794-6DAB08E731CF,FspInit
2B4034AE-8566-412F-9CA5-67FD698FC261,TcoSmi
3C4836AE-B24B-40E3-B24B-9448ED095BFE,SpiDxe
392D4DAE-D3BD-4CAF-B1EF-57A78B6E39BC,NVMeInfoDxe
FE1F75AF-3647-4422-A7E1-ABD64520D904,PsrSetup
59AF16B0-661D-4865-A381-38DE68385D8D,OpalSecurity
89E549B0-7CFE-449D-9BA3-10D8B2312D71,S3Resume2Pei
668706B2-BCFC-4AD4-A185-75E79F3FE169,NvmeDynamicSetup
C3E69EB2-0429-4BD6-AE4A-8CA02FBACC2E,AdvancedAcpiDxe
E4ECD0B2-E277-4F2B-BECB-E4D75C9A812E,NbDxe
6D1D13B3-8874-4E92-AED5-22FC7C4F7391,BiosGuardDxe
95C894B4-DAEC-46E1-8600-3C4C7FC985D6,BiosGuardRecovery
5820EEB4-C135-4854-9D2A-AA9EFC4475E9,MeFwDowngrade
6B38F7B4-AD98-40E9-9093-ACA2B5A253C4,DiskIoDxe
634E8DB5-C432-43BE-A653-9CA2922CC458,Nvme
013464B6-AC20-4E86-A2F9-23CC4650DDC2,MemoryDiagnostic
CD3BAFB6-50FB-4FE8-8E4E-AB74D2C1A600,EnglishDxe
2E3AB8B6-AC9D-4D70-A675-54F52FB22D66,AtaPassThru
440D38B7-E016-49EA-9769-317EF908835D,I2cHcOperation
A11585B7-8FA2-4F1C-AA6F-DD6309469613,MeFwUpdLcl
DC3641B8-2FA8-4ED3-BC1F-F9962A03454B,Mtftp4Dxe
ACD88BB8-D466-4B8A-8DA5-EC6407A83B28,NvmeHealthDxe
CB2987B9-63AE-4B91-BF43-21FF641A5D49,AmiUpdateDxePolicyCallback
BDCE85BB-FBAA-4F4E-9264-501A2C249581,S3SaveStateDxe
FB062BBC-F19D-4CF4-81FD-FAE535D44A53,WifiProfileSync
4D6E34BC-99C2-4749-A787-41AD6FDABB83,OEMWMIDxe
74D568BC-3B5A-404F-97B7-0CD33A833EFE,SecuredC0rePc
D912C7BC-F098-4367-92BA-E911083C7B0E,Udp6Dxe
BC3245BD-B982-4F55-9F79-056AD7E987C5,AhciSmm
BC327DBD-B982-4F55-9F79-056AD7E987C5,SmiFlash
3370A4BD-8C23-4565-A2A2-065FEEDE6080,SecSMIFlash
961C19BE-D1AC-4BA7-87AF-4AE0F09DF2A6,TrEEPei
20E687BE-B09B-4DA1-BCFE-E804B3B97CE4,CsmeHealthDxe
91D211BF-37C2-495A-8DF7-9546BD2555C0,PpamPlatformSmm
3ACEB0C0-3C72-11E4-9A56-74D435052646,TlsDxe
0EAB05C1-766A-4805-A039-3081DE0210C7,FmpDxe
FE3CE4C1-905C-4085-A7A0-38DEFE4178D2,BackupHddPasswordDxe
3FE57AC2-C675-46B1-8458-AC6206588424,TpvDxe
5D744BC4-CA94-4F8A-9C50-EBC2A107303E,SerialIoUartDriver
B601F8C4-43B7-4784-95B1-F4226CB40CEE,RuntimeDxe
15B985C5-7103-4F35-B59D-2235FC5F3FFE,UsbTypeCDxe
25E31BC6-12B1-4492-856F-40F8BAC33D90,AcerDiagnosticLogSmm
2EB9A2C6-16DA-416F-9F64-2EDD8F3AC470,NVUSBHLKDxe
2AD511C7-1B60-4002-841D-2998DDC138EE,CryptoSMM
025BBFC7-E6A9-4B8B-82AD-6815A1AEAF4A,MnpDxe
4B28E4C7-FF36-4E10-93CF-A82159E777C5,ResetSystemRuntimeDxe
1C652EC8-2347-44C1-93E0-D1BEE8C82FFC,SaInitDxeFsp
BF7862C9-CDFF-4261-8385-B61916CD2E9A,EmmcDllTuning
E0ECBEC9-B193-4351-A488-36A655F22F9F,SaveMemoryConfig
16271FCA-55D9-4A33-93FC-5A3EB128DEB6,CrbDxe
AFF347CA-AEA4-4447-968A-E6FE751C24C6,AmiAfuProtocol
EC02A9CA-091D-47CD-AF28-77D38DED7A53,MebxConfiguration
C10FB8CA-55A8-4132-8263-3D5B82359F04,AmiHidServiceDriver
8A93DBCA-E866-4B9E-BC86-879924ADA586,OverVoltagePei
DB08F6CA-3048-4CD8-9B1F-20BED33ECFE7,StatusCodeSmm
C034A2CB-1190-4638-9DDF-6F297824741E,TestPointStubDxe
5BEDB5CC-D830-4EB2-8742-2D4CC9B54F2C,Ip6Dxe
87D402CD-8B07-4B93-B38B-F8799F28B033,AmiTxtDxe
E94F54CD-81EB-47ED-AEC3-856F5DC157A9,PiSmmCore
4139CCCD-BE87-4C64-A44B-8AFEFC40C217,HddTemperature
9B680FCE-AD6B-4F3A-B60B-F59899003443,DevicePathDxe
E6A7A1CE-5881-4B49-80BE-69C91811685C,Setup
7612F7CE-C685-465A-91D4-D12F9E933383,SpiHcOperation
A9B700CF-019E-4D8B-A3A7-88E1EA01699E,HddSecurity
E72527CF-505B-4B50-99CD-A32467FA4AA4,AsfTable
B03ABACF-A532-5E78-ACA0-B11F765B3AFD,CpuDxe
C7D4BBCF-EB0A-4C91-BD8B-FCA99F28B011,AmiTxtPei
C99E42D0-4964-4B09-B924-4A59E13E4F04,SbRunSmm
13AC6DD0-73D0-11D4-B06B-00AA00BD6DE7,EbcDxe
4D1514D2-FBDE-49C6-B20A-A40288A0D4AA,HstiIhvSmm
8EEF9AD2-463E-425F-A4FE-2F6783D6F97E,GenericSio
4BFFC0D3-7E33-4370-8A28-3238FC33AD2F,DataStorageSmm
4B63A5D4-CB08-47CD-AFD9-BEA33A30F313,CrashLogDxe
9B3F28D5-10A6-46C8-BA72-BD40B847A71A,AmiTcgPlatformPeiAfterMem
E60A79D5-DC9B-47F1-87D3-51BF697B6121,CpuPei
987555D6-595D-4CFA-B895-59B89368BD4D,IntelVTdDxe
899407D7-99FE-43D8-9A21-79EC328CAC21,Setup
D9117BD7-0807-4F38-B773-AD86A791EAFC,SiInitPreMemFsp
2C5C58D8-6C8F-4037-9590-25459BC58A08,AcPowerLossPei
196CA3D8-9A5A-4735-B328-8FFC1D93D188,TcgPlatformSetupPolicy
A47EE2D8-F60E-42FD-8E58-7BD65EE4C29B,CpuIo2Smm
EF52F4D8-4B2E-4A2D-B888-DAC5421D73F7,AsfSmm
C779F6D8-7113-4AA1-9648-EB1633C7D53B,CapsulePei
BAB79BD9-620D-4B15-B51E-BD1CAA5FDDCC,AcerPortingSmm
CB73C3D9-2F01-4342-AE67-04DDE5264092,PlatformInitAdvancedSmm
E5E2C9D9-5BF5-497E-8860-94F81A09ADE0,NvmeSmm
B95E9FDA-26DE-48D2-8807-1F9107AC5E3A,UefiPxeBcDxe
2FA2A6DA-11D5-4DC3-999A-749648B03C56,PiSmmIpl
7EC952DB-BF8B-47F8-A026-664D0CF076AE,RealtekUndiDriver
171F43DC-C4D9-47A6-9641-65DDCDD5AA30,UsbRtDxe
34ECEADC-9229-44D1-85B1-B84071A13187,MebxDisplay
BF90FDDC-F163-4FC6-A5A3-D0FDC8F7CE68,AmiUpdateCspResources
10B12ADD-F5E2-CC78-5CA0-B77F76223ACD,AmiCpuFeaturesDxe
8ED25ADD-7C2D-4326-9186-85CCF74C79F6,TcgStorageSecurityPei
43E7ABDD-E352-4CFB-A230-4CDC1D350E5C,GraphicsConsole
1136D4DD-D9B7-4801-8352-E7582D32A05A,ACERIntelDRS
17A269DE-7C35-4132-9EA0-A3EB5AB87F1E,PowerLostNotifyDxe
6CE6B0DE-781C-4F6C-B42D-98346C614BEC,HpetTimerDxe
D933DEDE-0260-4E76-A7D9-2F9F2440E5A5,NbSmi
694DFADE-B2F5-444B-BE8C-15E40E9C7B96,DetectOemError
B1DA0ADF-4F77-4070-A88E-BFFE1C60529A,AMITSE
812BA1E0-6A75-4AE5-AD37-63D030974501,VtioDxe
B41956E1-7CA2-42DB-9562-168389F0F066,BootGuardPei
E23F86E1-056E-4888-B685-CFCD67C179D4,SbRun
C3FF94E1-9417-415A-8F89-5F909A52E5C4,OemDxe
183BB3E1-A1E5-4445-8AC9-0E83B6547E0E,CpuFeaturesPei
FD93F9E1-3C73-46E0-B7B8-2BBA3F718F6C,TcgSmm
8F3F1DE2-2FE4-4D5C-A8EC-49E8CCA17EBC,RsdpPlus
8B555AE2-4254-43A2-839E-4869604CCC9A,FspEndOfPei2Peim
C92652E3-C7DE-4C78-9577-1C897C51BFFA,HeciInitDxeFsp
A29A63E3-E4E7-495F-8A6A-07738300CBB3,AmiTcgPlatformDxe
75862FE4-4FC6-4188-804B-29DC7733178B,StallServicePei
66E6C2E4-0245-4545-8165-12322480AF31,AdvancedPmaxDxe
AAD16CE5-A132-4950-A18D-27AAF27CCFD1,AcerEsaDataProtocol
5AAB83E5-F027-4CA7-BFD0-16358CC9E453,WdtDxe
FC510EE7-FFDC-11D4-BD41-0080C73C8881,DXE apriori file
A19B1FE7-C1BC-49F8-875F-54A5D542443F,CpuIo2Dxe
C10194E7-DEB2-4AF4-9EEE-BFFDE4D7D4C7,TimestampDxe
116ED1E8-F9C6-4112-A49C-87ADA570DEC1,AudioPlayback
F80697E9-7FD6-4665-8646-88E33EF71DFC,SecurityStubDxe
A2F436EA-A127-4EF8-957C-8048606FF670,SnpDxe
4F1FDBEA-59D9-4AD9-9EED-82F07743FF02,EcSmartFan
00026AEB-F334-4C15-A7F0-E1E897E9FE91,NvmeRecovery
EEE8D8EC-40C2-159B-71C7-8796EEEF3FBC,HeciInit
53D7E8EC-56F5-4F9C-8198-7BFB2ED4E05E,BootSectorWriteProtect
80BD20ED-46AC-4F66-ACBA-9A1658DB1830,AcerSystemStatusProtocol
636F74ED-94C2-43DA-84B1-2384DA179547,AcerSxSmiSmm
9F83F5ED-F407-4BD3-9B16-DC27A7016BBD,PlatformFirmwareVersionDxe
E7862AEE-A997-48F3-9C58-B79D340D003A,AcerLibMemBuffer
4D2E57EE-0E3F-44DD-93C4-D3B57E96945D,CpuS3DataDxe
BAEB5BEE-5B33-480A-8AB7-B29C85E7CEAB,FspGlobalDataInitPei
DE23ACEE-CF55-4FB6-AA77-984AB53DE811,SaInitDxe
3F7753EF-D36F-45CC-8A1A-2EAAFF1038B6,PciPlatform
3F7753EF-D36F-45CC-8A1A-2EAAFF1038B7,BootMediaInfo
56CD6FEF-9038-49DA-8275-1B2F5B9791A9,EzFmpFwUpdate
658D56F0-4364-4721-B70E-732DDC8A2771,TrustedDeviceSetupApp
FB62F7F0-5433-11E4-B810-402CF41D8A90,SecureEraseDxe
6A79EBF1-BBB6-42A7-BDA1-5EACF52F2480,MotherBoardHealthDxe
D9DDCFF2-215A-480A-AA63-1DF1F5EDBC01,HddSecurityPei
502B04F3-71AB-47B4-BEAE-4736EA190AA4,PciDxeInit
60740CF3-D428-4500-80E6-04A5798241ED,HstiIhvDxe
BB8C2CF3-A5E3-49EF-941B-4A01FAC6FD5F,SmiFlashDxe
03417BF3-6D95-41DF-88EF-0DDA6E86DC34,AsfPei
9FB1A1F3-3B71-4324-B39A-745CBB015FFF,Ip4Dxe
159714F4-C1E6-43F5-864B-642BD553D1A0,AcPowerLoss
28A03FF4-12B3-4305-A417-BB1A4F94081E,RamDiskDxe
A3FF0EF5-0C28-42F5-B544-8C7DE1E80014,PiSmmCpuDxeSmm
D22C15F5-818B-4940-90EB-ABB377255643,SmbiosMisc
D22C15F5-818B-4940-90EB-ABB377255644,SmbiosPlatformInfo
4551F2F5-C684-4F27-936F-C7B04A5C5FF1,SecureBootDXE
ADF01BF6-47D6-495D-B95B-687777807214,FirmwarePerformancePei
A6AEF1F6-F25A-4082-AF39-2229BCF5A6E1,AmtStatusCodePei
538997F7-4B2E-4E6F-8AF1-0E8CF1AA9C69,PlatformWrapperDxe
0D1ED2F7-E92B-4562-92DD-5C82EC917EAE,CrbPei
A0BAD9F7-AB78-491B-B583-C52B7F84B9E0,SmmControl
8AAFF1F7-D011-4AE5-8324-DFA470F75D33,AsfDxe
0F23C1F8-4BAC-470C-B6B8-B392D544290A,FmpCapsuleUpdate
1323C7F8-DAD5-4126-A54B-7A05FBF41515,SmmAccess
0D244DF9-6CE3-4133-A1CF-53200AB663AC,FspsWrapperPeim
90BF2BFB-F998-4CBC-AD72-008D4D047A4B,PeiPciePhyFwLoadingInit
05CA01FC-0FC1-11DC-9011-00173153EBA8,AMI ROM hole
C5046EFD-7BC3-4206-987C-32DA45026E6D,PlatformInitAdvancedDxe
BA0ECDFD-A429-49B9-A961-11EEFF784C7F,OemPei
7D6DF4FD-3650-4E77-BF3A-84DC988A025C,TcgStorageSecurity
CF2E24FE-ACA6-4D6E-9486-E9A55495D654,PlatformServiceRecord
961578FE-B6B7-44C3-AF35-6BC705CD2B1F,Fat
0D8039FF-49E9-4CC9-A806-BB7C31B0BCB0,AmiTpm20PlatformPei
1CE34CFF-DFE9-4D9D-B264-166FFCB8315A,MebxSetup
9FAAD0FF-0E0C-4885-A738-BAB4E4FA1E66,FspmWrapperPeim
