FA419200-9DAD-4B8E-A56D-59BA2565C91B,AcerBiosDamageBeep
42D69902-10E7-4907-AD3B-46A5BF25A1A0,NvmeUnlockPei
29CBB005-C972-49F3-960F-292E2202CECD,FspNotifyPhasePeim
1C98780A-C67D-4D9B-A9D8-4AC0487A6D6E,PcdRecoveryPei
1B45CC0A-156A-428A-AF62-49864DA0E6E6,PEI apriori file
32E8260B-3861-4EB0-8C47-E4313116E24E,OEM Logo - Predator 16:10
52C05B14-0B98-496C-BC3B-04B50211D680,PeiCore
56BBC314-B442-4D5A-BA5C-D842DAFDBB24,PlatformInitAdvancedPreMem
3307DD15-23BA-4546-A004-FCBCC47D4A49,SiliconPolicyPeiPreMem
EA7F0916-B5C8-493F-A006-565CC2041044,FspS3Notify
54D7CC18-492A-4B43-AD9E-A461D81F82B5,PchInitFspTgl
15446019-9170-436A-A981-CC7521E9D7F9,Usb4PlatformPei
BDAD7D1A-4C48-4C75-B5BC-D002D17F6397,AhciRecovery
39E8CA1A-7A69-4A73-834A-D06381933286,UsbPei
654FE61A-2EDA-4749-A76A-56ED7ADE1CBE,CmosPei
EEEE611D-F78F-4FB9-B868-55907F169280,PlatformInitPreMem
7ECD9C20-68B9-4A6F-B515-D64FF500B109,FsRecovery
C1FBD624-27EA-40D1-AA48-94C3DC5C7E0D,SbPei
86D70125-BAA3-4296-A62F-602BEBBB9081,DxeIpl
A20F7425-BC87-47D1-945C-637603323584,PlatformConfigTool
59ADD62D-A1C0-44C5-A90F-A1168770468C,PlatformInitPostMem
1BA0062E-C779-4582-8566-336AE8F78F09,Volume Top File
7D3FBD2E-2509-4CC1-91EE-26DBAB7B84A9,PEI_Module
655B0D2F-BCF1-4B1E-9A6A-A2E891BB50E4,BiosGuardFirmwareVersionPeim
3E7DD42F-A67E-4D4F-BC02-2B5A6EC8DAE9,SetupVariablePei
9EA28D33-0175-4788-BEA8-6950516030A5,SmBusPei
838DCF34-907B-4D55-9A4B-A0EF7167B5F4,NvramPei
4E22BF36-C59D-47C4-9FD1-25A603D75958,SaInitFsp
E9312938-E56B-4614-A252-CF7D2F377E26,AmiTcgPlatformPeiBeforeMem
76ED893A-B2F9-4C7D-A05F-1EA170ECF6CD,IntelGraphicsPeim
9962883C-C025-4EBB-B699-4EA4D147C8A8,AmiTxtTcgPeim
9029F23E-E1EE-40D1-9382-36DD61A63EAA,It8637PeiInit
8E199D3F-3A74-492B-8CB3-93D668D87D07,IsRecovery
24DDC83F-9F06-44AB-B696-60FE7DF2C948,RstVmdPeim
CBC91F44-A4BC-4A5B-8696-703451D0B053,AMI v2 protected ranges hash file
76864548-0261-410E-A8B4-01615BFA3E0A,FwKeyHobPei
314EE04C-1106-4DC6-ACBC-CF19C0DBC5CC,PlatformInitAdvancedPostMem
9B3ADA4F-AE56-4C24-8DEA-F03B7558AE50,PcdPeim
1B1E0A50-C420-4F20-80E0-1043206438DC,CheckCmosErrorPei
9E1CC850-6731-4848-8752-6673C7005EEE,FspInitPreMem
77D3DC50-D42B-4916-AC80-8F469035D150,NVRAM external defaults
E03E6451-297A-4FE9-B1F7-639B70327C52,EnhancePeiVariable
01FB5D53-4FF9-4AD9-ADF5-7DC63659A1B2,PeiPciEnumeration
0FE9DA53-043D-4265-A94D-FD77FEDE2EB4,TcgPlatformSetupPeiPolicy
88C17E54-EBFE-4531-A992-581029F58126,FspPcdInit
6B844C5B-6B75-42CA-8E8E-1CB94412B59B,TcgPeiplatform
DACF705C-71DF-497D-AABE-10186B2E1DDE,Recovery
58B35361-8922-41BC-B313-EF7ED9ADFDF7,SecMigrationPei
E9DD7F62-25EC-4F9D-A4AB-AAD20BF59A10,StatusCodePei
0E2DAF63-8A4F-4026-A899-DE2D7F46E5EC,TpvPei
AE265864-CF5D-41A8-913D-71C155E76442,CpuIoPei
0D1CE46B-72D9-4BA7-95DA-23511865E661,CryptoPei
7EB7126D-C45E-4BD0-9357-7F507C5C9CF9,RomLayoutPei
839EB770-5C64-4EED-A6D5-EC515B2B2B23,PlatformVTdInfoSamplePei
B8D62377-7970-4CE1-87F4-9DDE56AE8982,BiosGuardVerifyRomImage
1C8B7F78-1699-40E6-AF33-9B995D16B043,PiSmmCommunicationPei
3245EA7C-9209-41E7-BE2C-EB662B8C0622,FspFirmwareVersionPeim
E9644486-7FAF-4ECC-88AC-FCA51C0C9448,OEM Logo - Predator 4:3
79AA6086-035A-4AD9-A89A-A6D5AA27F0E2,NbPei
6141E486-7543-4F1A-A579-FF532ED78E75,ResetSystemPei
D2ABC888-AE13-4E3B-BCEE-5DE368FA4E72,MsegSmramPeim
539A558A-C4C7-4978-B52D-1492415EF64D,RomDataMigration
34989D8E-930A-4A95-AB04-2E6CFDFF6631,TcgPei
CE19678F-3F08-4E81-A1F3-1886CA13ADA7,SiliconPolicyPeiPostMem
CAC3FB95-33F5-4596-818B-68E024DDB67B,IsSecRecoveryPEI
67451698-1825-4AC5-999D-F350CC7D5D72,CryptoPPI
B8BA8298-AF29-4FA3-9D10-27A8478BB6A7,PchInitDxeFsp
7BB28B99-61BB-11D5-9A5D-0090273FC14D,Logo.bmp
0135229A-EBB5-4A21-957D-1D20057CF751,TCMPEI
EDADEB9D-DDBA-48BD-9D22-C1C169C8C5C6,CpuMpPei
968C1D9F-80C4-43B7-8CAE-668AA56C4E71,SmbiosPeim
4F1F379F-2A62-48BB-AC34-D3F135C6E2B7,PcatSingleSegmentPciCfg2Pei
F906769F-4AED-4A0D-8C7C-FF21B9D1051A,IntelVTdPmrPei
FAF79E9F-4D40-4F02-8AC9-4B5512708F7F,BiosGuardPolicyOverride
C776AEA2-AA27-446E-975B-E0BEA9078BD9,BiosGuardPeiApRecoveryCapsule
960241A5-5CE6-4EBF-B9C4-E37D294BEBA9,FspWrapperPeim
F7FDE4A6-294C-493C-B50F-9734553BB757,CapsuleX64
52B3DBA7-9565-48E8-8E13-EC7196721B3C,PlatformInfoPei
A8F14FA9-FC88-45F4-A622-F06E6C56E632,FirmwareBootMediaInfoPei
80A845AC-210F-43B0-995B-477BE41AB4E8,SiInitFsp
131B73AC-C033-4DE1-8794-6DAB08E731CF,FspInit
89E549B0-7CFE-449D-9BA3-10D8B2312D71,S3Resume2Pei
95C894B4-DAEC-46E1-8600-3C4C7FC985D6,BiosGuardRecovery
961C19BE-D1AC-4BA7-87AF-4AE0F09DF2A6,TrEEPei
1C652EC8-2347-44C1-93E0-D1BEE8C82FFC,SaInitDxeFsp
8A93DBCA-E866-4B9E-BC86-879924ADA586,OverVoltagePei
C7D4BBCF-EB0A-4C91-BD8B-FCA99F28B011,AmiTxtPei
9B3F28D5-10A6-46C8-BA72-BD40B847A71A,AmiTcgPlatformPeiAfterMem
E60A79D5-DC9B-47F1-87D3-51BF697B6121,CpuPei
D9117BD7-0807-4F38-B773-AD86A791EAFC,SiInitPreMemFsp
2C5C58D8-6C8F-4037-9590-25459BC58A08,AcPowerLossPei
C779F6D8-7113-4AA1-9648-EB1633C7D53B,CapsulePei
8ED25ADD-7C2D-4326-9186-85CCF74C79F6,TcgStorageSecurityPei
9F7F09DF-B2C4-4F4F-8AA8-447BF4A63F72,OEM Logo - Predator 16:9
B41956E1-7CA2-42DB-9562-168389F0F066,BootGuardPei
183BB3E1-A1E5-4445-8AC9-0E83B6547E0E,CpuFeaturesPei
8B555AE2-4254-43A2-839E-4869604CCC9A,FspEndOfPei2Peim
C92652E3-C7DE-4C78-9577-1C897C51BFFA,HeciInitDxeFsp
75862FE4-4FC6-4188-804B-29DC7733178B,StallServicePei
00026AEB-F334-4C15-A7F0-E1E897E9FE91,NvmeRecovery
EEE8D8EC-40C2-159B-71C7-8796EEEF3FBC,HeciInit
BAEB5BEE-5B33-480A-8AB7-B29C85E7CEAB,FspGlobalDataInitPei
86EE84F0-3375-41A1-AFBA-847BD29663AA,OEM Logo - Predator 21:9
D9DDCFF2-215A-480A-AA63-1DF1F5EDBC01,HddSecurityPei
03417BF3-6D95-41DF-88EF-0DDA6E86DC34,AsfPei
ADF01BF6-47D6-495D-B95B-687777807214,FirmwarePerformancePei
A6AEF1F6-F25A-4082-AF39-2229BCF5A6E1,AmtStatusCodePei
0D1ED2F7-E92B-4562-92DD-5C82EC917EAE,CrbPei
0D244DF9-6CE3-4133-A1CF-53200AB663AC,FspsWrapperPeim
90BF2BFB-F998-4CBC-AD72-008D4D047A4B,PeiPciePhyFwLoadingInit
BA0ECDFD-A429-49B9-A961-11EEFF784C7F,OemPei
0D8039FF-49E9-4CC9-A806-BB7C31B0BCB0,AmiTpm20PlatformPei
9FAAD0FF-0E0C-4885-A738-BAB4E4FA1E66,FspmWrapperPeim
